k,runtime_ms,inertia
2,34.83,2309985.3891687873
3,5.78,611605.8806933891
4,8.33,550862.190273274
5,15.71,472928.2755485465
6,9.39,437791.488888726
7,17.83,360981.0747631234
8,11.24,318856.0953587426
9,17.28,293176.8163631738
10,13.64,252177.83986386785
