k,runtime_ms,inertia
2,14.81,2309985.389168787
3,1.91,611605.880693389
4,3.44,549623.7830303754
5,3.07,468833.4355055006
6,3.99,415061.9940976818
7,4.46,358426.0917671113
8,8.91,319321.4786943372
9,3.15,274985.5843215595
10,7.68,256266.41236723808
